{
    "metrics": {
        "http_req_duration": {
            "min": 5.721493,
            "med": 7.789702,
            "max": 191.618322,
            "p(90)": 12.7768656,
            "p(95)": 69.6758367,
            "avg": 13.50270693292684,
            "thresholds": {
                "p(95) < 2500": false
            }
        },
        "http_req_connecting": {
            "p(95)": 0,
            "avg": 0.038042607723577246,
            "min": 0,
            "med": 0,
            "max": 2.100165,
            "p(90)": 0
        },
        "data_received": {
            "count": 5150588,
            "rate": 92061.42427680503
        },
        "get_users_duration": {
            "max": 12.488013,
            "p(90)": 8.811558999999999,
            "p(95)": 9.241612750000002,
            "avg": 7.74766867808219,
            "min": 6.434751,
            "med": 7.5528005,
            "thresholds": {
                "p(95) < 1500": false
            }
        },
        "checks": {
            "passes": 492,
            "fails": 0,
            "value": 1
        },
        "create_post_duration": {
            "avg": 74.71951150000001,
            "min": 68.087767,
            "med": 70.115363,
            "max": 191.618322,
            "p(90)": 72.68167810000001,
            "p(95)": 80.49250594999994,
            "thresholds": {
                "p(95) < 2000": false
            }
        },
        "http_req_sending": {
            "p(90)": 0.1190678,
            "p(95)": 0.12800874999999998,
            "avg": 0.09323529268292688,
            "min": 0.022883,
            "med": 0.0933455,
            "max": 0.228978
        },
        "http_req_duration{expected_response:true}": {
            "avg": 13.50270693292684,
            "min": 5.721493,
            "med": 7.789702,
            "max": 191.618322,
            "p(90)": 12.7768656,
            "p(95)": 69.6758367
        },
        "http_req_waiting": {
            "avg": 13.282307682926819,
            "min": 5.542619,
            "med": 7.552058000000001,
            "max": 191.454873,
            "p(90)": 12.608818500000003,
            "p(95)": 69.448531
        },
        "data_sent": {
            "count": 60574,
            "rate": 1082.6974928189147
        },
        "vus_max": {
            "value": 11,
            "min": 11,
            "max": 11
        },
        "errors": {
            "passes": 0,
            "fails": 492,
            "thresholds": {
                "rate < 0.01": false
            },
            "value": 0
        },
        "http_reqs": {
            "count": 492,
            "rate": 8.793990267555486
        },
        "filter_posts_duration": {
            "avg": 9.36891951190476,
            "min": 5.721493,
            "med": 9.1152275,
            "max": 18.980572,
            "p(90)": 12.0012898,
            "p(95)": 12.4017768,
            "thresholds": {
                "p(95) < 1500": false
            }
        },
        "http_req_tls_handshaking": {
            "avg": 0.17270940040650407,
            "min": 0,
            "med": 0,
            "max": 12.435129,
            "p(90)": 0,
            "p(95)": 0
        },
        "iterations": {
            "rate": 8.793990267555486,
            "count": 492
        },
        "vus": {
            "value": 3,
            "min": 3,
            "max": 10
        },
        "http_req_blocked": {
            "max": 164.014617,
            "p(90)": 0.0006700000000000003,
            "p(95)": 0.0008349499999999997,
            "avg": 1.736439463414632,
            "min": 0.000171,
            "med": 0.000396
        },
        "get_user_duration": {
            "p(90)": 12.7053398,
            "p(95)": 13.2714774,
            "avg": 9.717794294117645,
            "min": 6.663287,
            "med": 9.652354,
            "max": 14.884046,
            "thresholds": {
                "p(95) < 1500": false
            }
        },
        "get_posts_duration": {
            "min": 6.503027,
            "med": 7.463353,
            "max": 10.938509,
            "p(90)": 8.4927356,
            "p(95)": 9.1455509,
            "avg": 7.624669014388489,
            "thresholds": {
                "p(95) < 1500": false
            }
        },
        "http_req_failed": {
            "passes": 0,
            "fails": 492,
            "value": 0
        },
        "iteration_duration": {
            "med": 910.8593525,
            "max": 1369.398782,
            "p(90)": 1161.8791193000002,
            "p(95)": 1185.6725654499999,
            "avg": 914.8466273739828,
            "min": 608.950204
        },
        "http_req_receiving": {
            "avg": 0.12716395731707317,
            "min": 0.032161,
            "med": 0.1094595,
            "max": 0.781739,
            "p(90)": 0.21638960000000002,
            "p(95)": 0.2413349
        },
        "dropped_iterations": {
            "count": 117,
            "rate": 2.0912537831381948
        }
    },
    "root_group": {
        "groups": {},
        "checks": {
                "status is 200": {
                    "name": "status is 200",
                    "path": "::status is 200",
                    "id": "6210a8cd14cd70477eba5c5e4cb3fb5f",
                    "passes": 454,
                    "fails": 0
                },
                "status is 201": {
                    "name": "status is 201",
                    "path": "::status is 201",
                    "id": "ec8c9afd59577ad0eb26fbf150ecf791",
                    "passes": 38,
                    "fails": 0
                }
            },
        "name": "",
        "path": "",
        "id": "d41d8cd98f00b204e9800998ecf8427e"
    }
}