{
    "root_group": {
        "path": "",
        "id": "d41d8cd98f00b204e9800998ecf8427e",
        "groups": {},
        "checks": {
                "status is 200": {
                    "name": "status is 200",
                    "path": "::status is 200",
                    "id": "6210a8cd14cd70477eba5c5e4cb3fb5f",
                    "passes": 454,
                    "fails": 0
                },
                "status is 201": {
                    "name": "status is 201",
                    "path": "::status is 201",
                    "id": "ec8c9afd59577ad0eb26fbf150ecf791",
                    "passes": 41,
                    "fails": 0
                }
            },
        "name": ""
    },
    "metrics": {
        "http_reqs": {
            "rate": 8.821415999248323,
            "count": 495
        },
        "http_req_duration": {
            "max": 39.05362,
            "p(90)": 12.570595800000003,
            "p(95)": 34.5412069,
            "avg": 11.29712079797981,
            "min": 5.861989,
            "med": 9.120896,
            "thresholds": {
                "p(95) < 2500": false
            }
        },
        "create_post_duration": {
            "avg": 35.06956680487805,
            "min": 32.434599,
            "med": 34.932868,
            "max": 39.05362,
            "p(90)": 36.167215,
            "p(95)": 36.220572,
            "thresholds": {
                "p(95) < 2000": false
            }
        },
        "get_users_duration": {
            "p(90)": 10.9611198,
            "p(95)": 11.682121999999998,
            "avg": 9.20564454014598,
            "min": 6.982594,
            "med": 8.901506,
            "max": 16.602173,
            "thresholds": {
                "p(95) < 1500": false
            }
        },
        "iterations": {
            "count": 495,
            "rate": 8.821415999248323
        },
        "get_user_duration": {
            "min": 5.861989,
            "med": 7.717184,
            "max": 11.846403,
            "p(90)": 9.2501835,
            "p(95)": 10.26365775,
            "avg": 7.911450418604648,
            "thresholds": {
                "p(95) < 1500": false
            }
        },
        "http_req_receiving": {
            "avg": 0.15492744040404033,
            "min": 0.026788,
            "med": 0.113261,
            "max": 0.927213,
            "p(90)": 0.3077828000000001,
            "p(95)": 0.3532379
        },
        "get_posts_duration": {
            "avg": 9.785214503496498,
            "min": 8.279848,
            "med": 9.414975,
            "max": 20.537609,
            "p(90)": 11.005851799999999,
            "p(95)": 11.8558945,
            "thresholds": {
                "p(95) < 1500": false
            }
        },
        "http_req_tls_handshaking": {
            "max": 11.45666,
            "p(90)": 0,
            "p(95)": 0,
            "avg": 0.1895187797979798,
            "min": 0,
            "med": 0
        },
        "vus_max": {
            "value": 11,
            "min": 11,
            "max": 11
        },
        "http_req_failed": {
            "fails": 495,
            "passes": 0,
            "value": 0
        },
        "checks": {
            "passes": 495,
            "fails": 0,
            "value": 1
        },
        "vus": {
            "value": 3,
            "min": 2,
            "max": 10
        },
        "errors": {
            "passes": 0,
            "fails": 495,
            "thresholds": {
                "rate < 0.01": false
            },
            "value": 0
        },
        "dropped_iterations": {
            "count": 114,
            "rate": 2.031598836190523
        },
        "http_req_blocked": {
            "p(95)": 0.0008138999999999999,
            "avg": 0.34429094949495076,
            "min": 0.000154,
            "med": 0.000343,
            "max": 23.550609,
            "p(90)": 0.0005784000000000001
        },
        "data_sent": {
            "count": 63467,
            "rate": 1131.048099443017
        },
        "http_req_duration{expected_response:true}": {
            "p(95)": 34.5412069,
            "avg": 11.29712079797981,
            "min": 5.861989,
            "med": 9.120896,
            "max": 39.05362,
            "p(90)": 12.570595800000003
        },
        "http_req_connecting": {
            "p(90)": 0,
            "p(95)": 0,
            "avg": 0.060445270707070696,
            "min": 0,
            "med": 0,
            "max": 3.037923
        },
        "data_received": {
            "count": 5229216,
            "rate": 93190.08017358651
        },
        "filter_posts_duration": {
            "avg": 9.242941409090905,
            "min": 6.495363,
            "med": 9.1249745,
            "max": 15.046486,
            "p(90)": 10.654994299999998,
            "p(95)": 11.26016815,
            "thresholds": {
                "p(95) < 1500": false
            }
        },
        "http_req_sending": {
            "p(90)": 0.0952016,
            "p(95)": 0.11049049999999991,
            "avg": 0.07256446666666669,
            "min": 0.018232,
            "med": 0.066757,
            "max": 0.511371
        },
        "http_req_waiting": {
            "p(95)": 34.3694008,
            "avg": 11.069628890909092,
            "min": 5.748772,
            "med": 8.867812,
            "max": 38.92452,
            "p(90)": 12.431918400000008
        },
        "iteration_duration": {
            "avg": 916.701335078789,
            "min": 609.296514,
            "med": 906.304129,
            "max": 1241.504999,
            "p(90)": 1150.5593924,
            "p(95)": 1182.8103148999999
        }
    }
}