{
    "metrics": {
        "http_req_tls_handshaking": {
            "avg": 0.175229476,
            "min": 0,
            "med": 0,
            "max": 10.862153,
            "p(90)": 0,
            "p(95)": 0
        },
        "data_received": {
            "count": 5180066,
            "rate": 92174.62680204527
        },
        "get_posts_duration": {
            "min": 8.355635,
            "med": 9.2072635,
            "max": 11.386395,
            "p(90)": 9.865400500000002,
            "p(95)": 10.075659,
            "avg": 9.24883082857143,
            "thresholds": {
                "p(95) < 1500": false
            }
        },
        "checks": {
            "passes": 500,
            "fails": 0,
            "value": 1
        },
        "get_users_duration": {
            "med": 8.9325415,
            "max": 13.57664,
            "p(90)": 11.2342579,
            "p(95)": 12.051766549999996,
            "avg": 8.936102049295771,
            "min": 6.128887,
            "thresholds": {
                "p(95) < 1500": false
            }
        },
        "vus": {
            "value": 2,
            "min": 2,
            "max": 9
        },
        "vus_max": {
            "value": 11,
            "min": 11,
            "max": 11
        },
        "get_user_duration": {
            "p(95)": 14.98891475,
            "avg": 10.02620562790698,
            "min": 6.146326,
            "med": 9.5277195,
            "max": 20.036489,
            "p(90)": 13.015371,
            "thresholds": {
                "p(95) < 1500": false
            }
        },
        "http_req_duration": {
            "p(95)": 31.20847554999999,
            "avg": 11.562145787999976,
            "min": 6.128887,
            "med": 9.500504,
            "max": 33.494663,
            "p(90)": 15.974505100000004,
            "thresholds": {
                "p(95) < 2500": false
            }
        },
        "errors": {
            "passes": 0,
            "fails": 500,
            "thresholds": {
                "rate < 0.01": false
            },
            "value": 0
        },
        "http_req_failed": {
            "passes": 0,
            "fails": 500,
            "value": 0
        },
        "http_req_waiting": {
            "avg": 11.328744397999992,
            "min": 5.919127,
            "med": 9.1757435,
            "max": 33.366704,
            "p(90)": 15.833162800000006,
            "p(95)": 31.085969949999992
        },
        "http_req_receiving": {
            "avg": 0.14723750400000005,
            "min": 0.025868,
            "med": 0.10155449999999999,
            "max": 0.98985,
            "p(90)": 0.30384500000000003,
            "p(95)": 0.33635024999999974
        },
        "data_sent": {
            "count": 64105,
            "rate": 1140.6909585988117
        },
        "iteration_duration": {
            "max": 1208.378635,
            "p(90)": 1138.8672317,
            "p(95)": 1175.8631153999997,
            "avg": 911.2275265539996,
            "min": 610.99619,
            "med": 922.2715905
        },
        "iterations": {
            "count": 500,
            "rate": 8.897051389117944
        },
        "dropped_iterations": {
            "count": 109,
            "rate": 1.9395572028277117
        },
        "http_req_sending": {
            "p(95)": 0.1211473499999999,
            "avg": 0.0861638860000001,
            "min": 0.028764,
            "med": 0.086341,
            "max": 0.16061,
            "p(90)": 0.11296500000000001
        },
        "create_post_duration": {
            "avg": 31.47272416279071,
            "min": 29.625504,
            "med": 31.620075,
            "max": 33.494663,
            "p(90)": 32.714192600000004,
            "p(95)": 33.0241202,
            "thresholds": {
                "p(95) < 2000": false
            }
        },
        "http_reqs": {
            "count": 500,
            "rate": 8.897051389117944
        },
        "http_req_blocked": {
            "max": 25.747194,
            "p(90)": 0.000611,
            "p(95)": 0.0008010499999999999,
            "avg": 0.35335063000000055,
            "min": 0.00017,
            "med": 0.000361
        },
        "http_req_connecting": {
            "p(90)": 0,
            "p(95)": 0,
            "avg": 0.05841069200000001,
            "min": 0,
            "med": 0,
            "max": 3.027778
        },
        "filter_posts_duration": {
            "p(95)": 16.248324199999992,
            "avg": 11.255384988764042,
            "min": 7.962875,
            "med": 11.047123,
            "max": 17.799125,
            "p(90)": 13.2977286,
            "thresholds": {
                "p(95) < 1500": false
            }
        },
        "http_req_duration{expected_response:true}": {
            "min": 6.128887,
            "med": 9.500504,
            "max": 33.494663,
            "p(90)": 15.974505100000004,
            "p(95)": 31.20847554999999,
            "avg": 11.562145787999976
        }
    },
    "root_group": {
        "checks": {
            "status is 200": {
                "path": "::status is 200",
                "id": "6210a8cd14cd70477eba5c5e4cb3fb5f",
                "passes": 457,
                "fails": 0,
                "name": "status is 200"
            },
            "status is 201": {
                "name": "status is 201",
                "path": "::status is 201",
                "id": "ec8c9afd59577ad0eb26fbf150ecf791",
                "passes": 43,
                "fails": 0
            }
        },
        "name": "",
        "path": "",
        "id": "d41d8cd98f00b204e9800998ecf8427e",
        "groups": {}
    }
}