{
    "root_group": {
        "checks": {
            "status is 200": {
                "path": "::status is 200",
                "id": "6210a8cd14cd70477eba5c5e4cb3fb5f",
                "passes": 459,
                "fails": 0,
                "name": "status is 200"
            },
            "status is 201": {
                "id": "ec8c9afd59577ad0eb26fbf150ecf791",
                "passes": 39,
                "fails": 0,
                "name": "status is 201",
                "path": "::status is 201"
            }
        },
        "name": "",
        "path": "",
        "id": "d41d8cd98f00b204e9800998ecf8427e",
        "groups": {}
    },
    "metrics": {
        "checks": {
            "passes": 498,
            "fails": 0,
            "value": 1
        },
        "http_req_duration": {
            "min": 5.827737,
            "med": 7.8748755,
            "max": 15.9866,
            "p(90)": 10.4530096,
            "p(95)": 11.096620299999998,
            "avg": 8.284234108433735,
            "thresholds": {
                "p(95) < 2500": false
            }
        },
        "create_post_duration": {
            "med": 10.363709,
            "max": 12.983019,
            "p(90)": 11.1726164,
            "p(95)": 11.63052,
            "avg": 10.47226243589744,
            "min": 9.217968,
            "thresholds": {
                "p(95) < 2000": false
            }
        },
        "get_posts_duration": {
            "med": 7.703607,
            "max": 12.181193,
            "p(90)": 8.803694,
            "p(95)": 9.481664,
            "avg": 7.867939588652479,
            "min": 6.131302,
            "thresholds": {
                "p(95) < 1500": false
            }
        },
        "http_reqs": {
            "count": 498,
            "rate": 8.90282281168251
        },
        "http_req_failed": {
            "passes": 0,
            "fails": 498,
            "value": 0
        },
        "http_req_tls_handshaking": {
            "med": 0,
            "max": 9.920635,
            "p(90)": 0,
            "p(95)": 0,
            "avg": 0.16575681124497993,
            "min": 0
        },
        "http_req_sending": {
            "avg": 0.08996392971887546,
            "min": 0.020511,
            "med": 0.0894625,
            "max": 0.237687,
            "p(90)": 0.1110782,
            "p(95)": 0.1258604
        },
        "get_users_duration": {
            "max": 15.9866,
            "p(90)": 11.000433,
            "p(95)": 11.879056,
            "avg": 8.916975957446809,
            "min": 6.416532,
            "med": 8.641614,
            "thresholds": {
                "p(95) < 1500": false
            }
        },
        "http_req_waiting": {
            "p(90)": 10.2662658,
            "p(95)": 10.97497105,
            "avg": 8.040047335341365,
            "min": 5.618391,
            "med": 7.599076,
            "max": 15.73388
        },
        "data_sent": {
            "count": 62679,
            "rate": 1120.5221506294138
        },
        "iterations": {
            "count": 498,
            "rate": 8.90282281168251
        },
        "filter_posts_duration": {
            "max": 11.590562,
            "p(90)": 9.1058806,
            "p(95)": 9.814572100000001,
            "avg": 7.349755478260869,
            "min": 5.827737,
            "med": 6.990283,
            "thresholds": {
                "p(95) < 1500": false
            }
        },
        "vus": {
            "value": 8,
            "min": 4,
            "max": 10
        },
        "get_user_duration": {
            "p(90)": 10.109939800000005,
            "p(95)": 11.052686600000001,
            "avg": 7.932703000000003,
            "min": 5.994432,
            "med": 7.458677,
            "max": 13.533427,
            "thresholds": {
                "p(95) < 1500": false
            }
        },
        "http_req_duration{expected_response:true}": {
            "p(90)": 10.4530096,
            "p(95)": 11.096620299999998,
            "avg": 8.284234108433735,
            "min": 5.827737,
            "med": 7.8748755,
            "max": 15.9866
        },
        "iteration_duration": {
            "med": 922.19004,
            "max": 1266.851617,
            "p(90)": 1152.5155304,
            "p(95)": 1184.7610726999999,
            "avg": 921.3078198654628,
            "min": 609.055088
        },
        "vus_max": {
            "value": 11,
            "min": 11,
            "max": 11
        },
        "http_req_receiving": {
            "med": 0.124253,
            "max": 0.511365,
            "p(90)": 0.3138783,
            "p(95)": 0.3526428,
            "avg": 0.1542228433734939,
            "min": 0.019719
        },
        "data_received": {
            "count": 5202676,
            "rate": 93009.04131444401
        },
        "http_req_blocked": {
            "p(95)": 0.0006224999999999998,
            "avg": 1.117702251004019,
            "min": 0.00016,
            "med": 0.000301,
            "max": 102.083337,
            "p(90)": 0.000571
        },
        "dropped_iterations": {
            "count": 111,
            "rate": 1.9843641206762221
        },
        "errors": {
            "fails": 498,
            "passes": 0,
            "thresholds": {
                "rate < 0.01": false
            },
            "value": 0
        },
        "http_req_connecting": {
            "p(90)": 0,
            "p(95)": 0,
            "avg": 0.05871762248995985,
            "min": 0,
            "med": 0,
            "max": 5.422257
        }
    }
}