{
    "root_group": {
        "path": "",
        "id": "d41d8cd98f00b204e9800998ecf8427e",
        "groups": {},
        "checks": {
                "status is 200": {
                    "id": "6210a8cd14cd70477eba5c5e4cb3fb5f",
                    "passes": 458,
                    "fails": 0,
                    "name": "status is 200",
                    "path": "::status is 200"
                },
                "status is 201": {
                    "name": "status is 201",
                    "path": "::status is 201",
                    "id": "ec8c9afd59577ad0eb26fbf150ecf791",
                    "passes": 41,
                    "fails": 0
                }
            },
        "name": ""
    },
    "metrics": {
        "iterations": {
            "count": 499,
            "rate": 8.906063248607476
        },
        "errors": {
            "passes": 0,
            "fails": 499,
            "thresholds": {
                "rate < 0.01": false
            },
            "value": 0
        },
        "checks": {
            "passes": 499,
            "fails": 0,
            "value": 1
        },
        "get_users_duration": {
            "min": 7.699477,
            "med": 8.6715385,
            "max": 12.948872,
            "p(90)": 9.6541955,
            "p(95)": 9.905695150000001,
            "avg": 8.823671971014493,
            "thresholds": {
                "p(95) < 1500": false
            }
        },
        "http_req_duration{expected_response:true}": {
            "avg": 10.448546068136258,
            "min": 5.721802,
            "med": 8.716194,
            "max": 33.11278,
            "p(90)": 12.611791799999999,
            "p(95)": 28.8415301
        },
        "http_req_connecting": {
            "p(90)": 0,
            "p(95)": 0,
            "avg": 0.059235472945891786,
            "min": 0,
            "med": 0,
            "max": 3.617569
        },
        "data_received": {
            "rate": 92068.4010168264,
            "count": 5158523
        },
        "vus": {
            "value": 1,
            "min": 1,
            "max": 9
        },
        "filter_posts_duration": {
            "p(95)": 11.736492799999999,
            "avg": 9.057008955056181,
            "min": 6.822668,
            "med": 8.879453,
            "max": 14.803107,
            "p(90)": 10.5296278,
            "thresholds": {
                "p(95) < 1500": false
            }
        },
        "iteration_duration": {
            "avg": 921.0838381162333,
            "min": 609.787182,
            "med": 921.077505,
            "max": 1229.176905,
            "p(90)": 1163.11656,
            "p(95)": 1188.1698803
        },
        "get_user_duration": {
            "p(90)": 8.566569,
            "p(95)": 9.063733,
            "avg": 7.3336917802197785,
            "min": 5.721802,
            "med": 7.155495,
            "max": 12.743748,
            "thresholds": {
                "p(95) < 1500": false
            }
        },
        "http_req_duration": {
            "med": 8.716194,
            "max": 33.11278,
            "p(90)": 12.611791799999999,
            "p(95)": 28.8415301,
            "avg": 10.448546068136258,
            "min": 5.721802,
            "thresholds": {
                "p(95) < 2500": false
            }
        },
        "data_sent": {
            "rate": 1113.4363842973494,
            "count": 62385
        },
        "vus_max": {
            "value": 11,
            "min": 11,
            "max": 11
        },
        "http_req_tls_handshaking": {
            "avg": 0.18331863326653305,
            "min": 0,
            "med": 0,
            "max": 11.008773,
            "p(90)": 0,
            "p(95)": 0
        },
        "http_req_waiting": {
            "avg": 10.221252749498998,
            "min": 5.5193,
            "med": 8.480587,
            "max": 32.97556,
            "p(90)": 12.2470988,
            "p(95)": 28.663005
        },
        "create_post_duration": {
            "max": 33.11278,
            "p(90)": 30.660828,
            "p(95)": 31.193447,
            "avg": 29.288375243902436,
            "min": 27.788931,
            "med": 29.048437,
            "thresholds": {
                "p(95) < 2000": false
            }
        },
        "http_req_receiving": {
            "p(90)": 0.28337080000000003,
            "p(95)": 0.32722709999999994,
            "avg": 0.1467406192384771,
            "min": 0.025625,
            "med": 0.106627,
            "max": 1.013443
        },
        "http_req_failed": {
            "passes": 0,
            "fails": 499,
            "value": 0
        },
        "get_posts_duration": {
            "med": 9.000558000000002,
            "max": 13.439505,
            "p(90)": 11.934028999999999,
            "p(95)": 12.325785749999998,
            "avg": 9.442104442857142,
            "min": 6.848875,
            "thresholds": {
                "p(95) < 1500": false
            }
        },
        "dropped_iterations": {
            "count": 110,
            "rate": 1.963260435564774
        },
        "http_reqs": {
            "count": 499,
            "rate": 8.906063248607476
        },
        "http_req_sending": {
            "avg": 0.08055269939879757,
            "min": 0.020458,
            "med": 0.081102,
            "max": 0.219104,
            "p(90)": 0.11000700000000001,
            "p(95)": 0.12434999999999995
        },
        "http_req_blocked": {
            "avg": 0.3013101963927856,
            "min": 0.000161,
            "med": 0.000321,
            "max": 19.251754,
            "p(90)": 0.000591,
            "p(95)": 0.0007111
        }
    }
}