{
    "root_group": {
        "id": "d41d8cd98f00b204e9800998ecf8427e",
        "groups": {},
        "checks": {
                "status is 200": {
                    "path": "::status is 200",
                    "id": "6210a8cd14cd70477eba5c5e4cb3fb5f",
                    "passes": 454,
                    "fails": 0,
                    "name": "status is 200"
                },
                "status is 201": {
                    "name": "status is 201",
                    "path": "::status is 201",
                    "id": "ec8c9afd59577ad0eb26fbf150ecf791",
                    "passes": 42,
                    "fails": 0
                }
            },
        "name": "",
        "path": ""
    },
    "metrics": {
        "http_req_duration{expected_response:true}": {
            "avg": 8.406890469758055,
            "min": 5.322582,
            "med": 7.694784500000001,
            "max": 31.429991,
            "p(90)": 11.3699735,
            "p(95)": 12.36375675
        },
        "vus": {
            "value": 9,
            "min": 4,
            "max": 9
        },
        "vus_max": {
            "max": 11,
            "value": 11,
            "min": 11
        },
        "create_post_duration": {
            "med": 11.862464500000002,
            "max": 17.593714,
            "p(90)": 13.437145399999999,
            "p(95)": 14.172581649999998,
            "avg": 12.20805264285714,
            "min": 10.506586,
            "thresholds": {
                "p(95) < 2000": false
            }
        },
        "get_users_duration": {
            "avg": 7.940053410071944,
            "min": 6.071192,
            "med": 7.520073,
            "max": 13.35896,
            "p(90)": 10.0013596,
            "p(95)": 10.6488521,
            "thresholds": {
                "p(95) < 1500": false
            }
        },
        "http_req_connecting": {
            "med": 0,
            "max": 3.777695,
            "p(90)": 0,
            "p(95)": 0,
            "avg": 0.05618286693548387,
            "min": 0
        },
        "http_req_waiting": {
            "avg": 8.169207614919355,
            "min": 5.219356,
            "med": 7.40591,
            "max": 31.326714,
            "p(90)": 11.087709499999999,
            "p(95)": 12.15591875
        },
        "iteration_duration": {
            "med": 888.105573,
            "max": 1207.673293,
            "p(90)": 1142.128963,
            "p(95)": 1184.9148325,
            "avg": 905.0826754616933,
            "min": 609.185695
        },
        "get_user_duration": {
            "avg": 8.216763877777778,
            "min": 5.843963,
            "med": 7.5015979999999995,
            "max": 31.429991,
            "p(90)": 9.5985612,
            "p(95)": 10.555121449999998,
            "thresholds": {
                "p(95) < 1500": false
            }
        },
        "http_req_failed": {
            "passes": 0,
            "fails": 496,
            "value": 0
        },
        "data_sent": {
            "count": 63140,
            "rate": 1134.9216258397819
        },
        "errors": {
            "passes": 0,
            "fails": 496,
            "thresholds": {
                "rate < 0.01": false
            },
            "value": 0
        },
        "filter_posts_duration": {
            "max": 12.030313,
            "p(90)": 8.6819993,
            "p(95)": 9.328865749999995,
            "avg": 7.144820431818181,
            "min": 5.322582,
            "med": 6.9003075,
            "thresholds": {
                "p(95) < 1500": false
            }
        },
        "dropped_iterations": {
            "count": 112,
            "rate": 2.0131647465007214
        },
        "http_req_receiving": {
            "p(95)": 0.41912525,
            "avg": 0.15573882459677416,
            "min": 0.020751,
            "med": 0.092699,
            "max": 1.562772,
            "p(90)": 0.3528985
        },
        "http_req_duration": {
            "p(90)": 11.3699735,
            "p(95)": 12.36375675,
            "avg": 8.406890469758055,
            "min": 5.322582,
            "med": 7.694784500000001,
            "max": 31.429991,
            "thresholds": {
                "p(95) < 2500": false
            }
        },
        "http_reqs": {
            "count": 496,
            "rate": 8.915443877360339
        },
        "checks": {
            "passes": 496,
            "fails": 0,
            "value": 1
        },
        "iterations": {
            "rate": 8.915443877360339,
            "count": 496
        },
        "http_req_tls_handshaking": {
            "med": 0,
            "max": 9.196284,
            "p(90)": 0,
            "p(95)": 0,
            "avg": 0.1601654818548387,
            "min": 0
        },
        "http_req_sending": {
            "min": 0.019139,
            "med": 0.0866805,
            "max": 0.217156,
            "p(90)": 0.11616950000000001,
            "p(95)": 0.12637425,
            "avg": 0.08194403024193556
        },
        "data_received": {
            "rate": 91204.77516917343,
            "count": 5074068
        },
        "get_posts_duration": {
            "avg": 8.650796284671538,
            "min": 6.696168,
            "med": 8.127372,
            "max": 14.477515,
            "p(90)": 11.009389,
            "p(95)": 11.422547599999998,
            "thresholds": {
                "p(95) < 1500": false
            }
        },
        "http_req_blocked": {
            "p(95)": 0.0006035,
            "avg": 0.267782542338707,
            "min": 0.00014,
            "med": 0.00026,
            "max": 17.04815,
            "p(90)": 0.000571
        }
    }
}