{
    "root_group": {
        "checks": {
            "status is 200": {
                "path": "::status is 200",
                "id": "6210a8cd14cd70477eba5c5e4cb3fb5f",
                "passes": 454,
                "fails": 0,
                "name": "status is 200"
            },
            "status is 201": {
                "name": "status is 201",
                "path": "::status is 201",
                "id": "ec8c9afd59577ad0eb26fbf150ecf791",
                "passes": 39,
                "fails": 0
            }
        },
        "name": "",
        "path": "",
        "id": "d41d8cd98f00b204e9800998ecf8427e",
        "groups": {}
    },
    "metrics": {
        "http_reqs": {
            "count": 493,
            "rate": 8.808469956346496
        },
        "http_req_failed": {
            "passes": 0,
            "fails": 493,
            "value": 0
        },
        "get_posts_duration": {
            "avg": 8.241565100719427,
            "min": 6.786398,
            "med": 7.928021,
            "max": 11.705837,
            "p(90)": 9.6663008,
            "p(95)": 9.8174571,
            "thresholds": {
                "p(95) < 1500": false
            }
        },
        "dropped_iterations": {
            "count": 114,
            "rate": 2.0368470081612586
        },
        "http_req_waiting": {
            "avg": 11.069060261663289,
            "min": 6.417334,
            "med": 8.935424,
            "max": 82.113186,
            "p(90)": 13.828936200000001,
            "p(95)": 32.427432599999996
        },
        "data_received": {
            "count": 5135452,
            "rate": 91755.52668206801
        },
        "vus": {
            "value": 5,
            "min": 4,
            "max": 10
        },
        "errors": {
            "fails": 493,
            "passes": 0,
            "thresholds": {
                "rate < 0.01": false
            },
            "value": 0
        },
        "http_req_duration{expected_response:true}": {
            "avg": 11.31176835699796,
            "min": 6.588183,
            "med": 9.196163,
            "max": 82.301467,
            "p(90)": 14.066619200000002,
            "p(95)": 32.5783226
        },
        "vus_max": {
            "value": 11,
            "min": 11,
            "max": 11
        },
        "http_req_connecting": {
            "max": 2.715126,
            "p(90)": 0,
            "p(95)": 0,
            "avg": 0.049503202839756594,
            "min": 0,
            "med": 0
        },
        "iteration_duration": {
            "med": 910.800435,
            "max": 1285.449054,
            "p(90)": 1161.533636,
            "p(95)": 1190.7857984,
            "avg": 912.6174744198787,
            "min": 608.845282
        },
        "create_post_duration": {
            "p(95)": 34.7557988,
            "avg": 34.10884771794872,
            "min": 30.73541,
            "med": 33.018587,
            "max": 82.301467,
            "p(90)": 34.104699600000004,
            "thresholds": {
                "p(95) < 2000": false
            }
        },
        "http_req_blocked": {
            "max": 24.372661,
            "p(90)": 0.000621,
            "p(95)": 0.0007714,
            "avg": 0.3457046024340774,
            "min": 0.00015,
            "med": 0.00035
        },
        "http_req_sending": {
            "p(95)": 0.13009,
            "avg": 0.08740770993914812,
            "min": 0.028102,
            "med": 0.087924,
            "max": 0.176611,
            "p(90)": 0.115215
        },
        "iterations": {
            "count": 493,
            "rate": 8.808469956346496
        },
        "get_user_duration": {
            "avg": 9.652543011235956,
            "min": 6.772583,
            "med": 9.047806,
            "max": 18.46201,
            "p(90)": 12.9566548,
            "p(95)": 13.837974399999998,
            "thresholds": {
                "p(95) < 1500": false
            }
        },
        "http_req_receiving": {
            "max": 1.545679,
            "p(90)": 0.293905,
            "p(95)": 0.3498813999999999,
            "avg": 0.15530038539553748,
            "min": 0.025256,
            "med": 0.120674
        },
        "checks": {
            "passes": 493,
            "fails": 0,
            "value": 1
        },
        "data_sent": {
            "rate": 1074.2223918568366,
            "count": 60123
        },
        "http_req_tls_handshaking": {
            "p(90)": 0,
            "p(95)": 0,
            "avg": 0.17659775253549695,
            "min": 0,
            "med": 0,
            "max": 10.818384
        },
        "filter_posts_duration": {
            "min": 6.588183,
            "med": 10.305197,
            "max": 20.665775,
            "p(90)": 13.0196655,
            "p(95)": 15.293631,
            "avg": 10.60890190697674,
            "thresholds": {
                "p(95) < 1500": false
            }
        },
        "get_users_duration": {
            "p(95)": 12.041362849999997,
            "avg": 9.4959807,
            "min": 6.651058,
            "med": 9.5791225,
            "max": 27.331811,
            "p(90)": 11.7985392,
            "thresholds": {
                "p(95) < 1500": false
            }
        },
        "http_req_duration": {
            "avg": 11.31176835699796,
            "min": 6.588183,
            "med": 9.196163,
            "max": 82.301467,
            "p(90)": 14.066619200000002,
            "p(95)": 32.5783226,
            "thresholds": {
                "p(95) < 2500": false
            }
        }
    }
}