{
    "root_group": {
        "checks": {
            "status is 200": {
                "id": "6210a8cd14cd70477eba5c5e4cb3fb5f",
                "passes": 453,
                "fails": 0,
                "name": "status is 200",
                "path": "::status is 200"
            },
            "status is 201": {
                "name": "status is 201",
                "path": "::status is 201",
                "id": "ec8c9afd59577ad0eb26fbf150ecf791",
                "passes": 43,
                "fails": 0
            }
        },
        "name": "",
        "path": "",
        "id": "d41d8cd98f00b204e9800998ecf8427e",
        "groups": {}
    },
    "metrics": {
        "http_req_sending": {
            "max": 0.267749,
            "p(90)": 0.113261,
            "p(95)": 0.127021,
            "avg": 0.0865870685483871,
            "min": 0.024496,
            "med": 0.0873225
        },
        "errors": {
            "passes": 0,
            "fails": 496,
            "thresholds": {
                "rate < 0.01": false
            },
            "value": 0
        },
        "http_req_blocked": {
            "avg": 0.45533603427419356,
            "min": 0.00017,
            "med": 0.00036,
            "max": 35.924108,
            "p(90)": 0.000616,
            "p(95)": 0.000767
        },
        "http_req_tls_handshaking": {
            "avg": 0.1629463487903226,
            "min": 0,
            "med": 0,
            "max": 9.754491,
            "p(90)": 0,
            "p(95)": 0
        },
        "dropped_iterations": {
            "count": 113,
            "rate": 2.0099135404535136
        },
        "get_user_duration": {
            "avg": 7.415741079545458,
            "min": 5.720898,
            "med": 6.982984,
            "max": 21.046067,
            "p(90)": 8.7852239,
            "p(95)": 9.490116049999997,
            "thresholds": {
                "p(95) < 1500": false
            }
        },
        "filter_posts_duration": {
            "med": 7.076816,
            "max": 11.636355,
            "p(90)": 8.9372934,
            "p(95)": 9.881623599999998,
            "avg": 7.420706477272727,
            "min": 6.150071,
            "thresholds": {
                "p(95) < 1500": false
            }
        },
        "checks": {
            "passes": 496,
            "fails": 0,
            "value": 1
        },
        "iteration_duration": {
            "p(95)": 1189.4960575,
            "avg": 927.613718268145,
            "min": 607.981154,
            "med": 940.5062295,
            "max": 1268.678259,
            "p(90)": 1164.3018205
        },
        "get_users_duration": {
            "p(90)": 9.604813600000002,
            "p(95)": 10.327315800000001,
            "avg": 8.004437625899275,
            "min": 6.471175,
            "med": 7.542091,
            "max": 11.477997,
            "thresholds": {
                "p(95) < 1500": false
            }
        },
        "create_post_duration": {
            "max": 75.461189,
            "p(90)": 74.6836192,
            "p(95)": 74.9541947,
            "avg": 73.35896572093024,
            "min": 71.516377,
            "med": 73.156678,
            "thresholds": {
                "p(95) < 2000": false
            }
        },
        "http_reqs": {
            "count": 496,
            "rate": 8.822275363406572
        },
        "data_sent": {
            "count": 61377,
            "rate": 1091.7032156850912
        },
        "get_posts_duration": {
            "med": 7.6075035,
            "max": 10.433734,
            "p(90)": 8.2871972,
            "p(95)": 8.533861700000001,
            "avg": 7.66227785507246,
            "min": 6.3245,
            "thresholds": {
                "p(95) < 1500": false
            }
        },
        "iterations": {
            "count": 496,
            "rate": 8.822275363406572
        },
        "http_req_waiting": {
            "avg": 13.142556544354834,
            "min": 5.568987,
            "med": 7.25155,
            "max": 75.256135,
            "p(90)": 10.681112500000001,
            "p(95)": 72.8775955
        },
        "http_req_receiving": {
            "med": 0.10670450000000001,
            "max": 1.555779,
            "p(90)": 0.2566775,
            "p(95)": 0.28684374999999995,
            "avg": 0.13790091330645166,
            "min": 0.0267
        },
        "data_received": {
            "rate": 90770.18564524937,
            "count": 5103220
        },
        "http_req_failed": {
            "passes": 0,
            "fails": 496,
            "value": 0
        },
        "vus": {
            "value": 2,
            "min": 2,
            "max": 9
        },
        "http_req_duration{expected_response:true}": {
            "avg": 13.367044526209687,
            "min": 5.720898,
            "med": 7.4926655,
            "max": 75.461189,
            "p(90)": 10.926769499999999,
            "p(95)": 73.06850600000001
        },
        "http_req_connecting": {
            "med": 0,
            "max": 2.307766,
            "p(90)": 0,
            "p(95)": 0,
            "avg": 0.04129334274193549,
            "min": 0
        },
        "vus_max": {
            "value": 11,
            "min": 11,
            "max": 11
        },
        "http_req_duration": {
            "max": 75.461189,
            "p(90)": 10.926769499999999,
            "p(95)": 73.06850600000001,
            "avg": 13.367044526209687,
            "min": 5.720898,
            "med": 7.4926655,
            "thresholds": {
                "p(95) < 2500": false
            }
        }
    }
}