{
  "GET /posts?userId={id}" : {
    "transaction" : "GET /posts?userId={id}",
    "sampleCount" : 84,
    "errorCount" : 0,
    "errorPct" : 0.0,
    "meanResTime" : 9.440476190476193,
    "medianResTime" : 9.0,
    "minResTime" : 7.0,
    "maxResTime" : 20.0,
    "pct1ResTime" : 13.0,
    "pct2ResTime" : 15.0,
    "pct3ResTime" : 20.0,
    "throughput" : 1.5085394105921017,
    "receivedKBytesPerSec" : 42.34010422278792,
    "sentKBytesPerSec" : 0.21234880933139377
  },
  "GET /posts" : {
    "transaction" : "GET /posts",
    "sampleCount" : 127,
    "errorCount" : 0,
    "errorPct" : 0.0,
    "meanResTime" : 8.708661417322839,
    "medianResTime" : 8.0,
    "minResTime" : 6.0,
    "maxResTime" : 15.0,
    "pct1ResTime" : 10.0,
    "pct2ResTime" : 11.0,
    "pct3ResTime" : 14.719999999999999,
    "throughput" : 2.2446887482767153,
    "receivedKBytesPerSec" : 63.00034631393827,
    "sentKBytesPerSec" : 0.29812272438050125
  },
  "Total" : {
    "transaction" : "Total",
    "sampleCount" : 468,
    "errorCount" : 0,
    "errorPct" : 0.0,
    "meanResTime" : 12.284188034188034,
    "medianResTime" : 8.0,
    "minResTime" : 6.0,
    "maxResTime" : 967.0,
    "pct1ResTime" : 13.0,
    "pct2ResTime" : 14.0,
    "pct3ResTime" : 28.0,
    "throughput" : 7.936104186803683,
    "receivedKBytesPerSec" : 118.63728238774144,
    "sentKBytesPerSec" : 1.144133610164318
  },
  "GET /users" : {
    "transaction" : "GET /users",
    "sampleCount" : 130,
    "errorCount" : 0,
    "errorPct" : 0.0,
    "meanResTime" : 15.91538461538462,
    "medianResTime" : 8.0,
    "minResTime" : 6.0,
    "maxResTime" : 967.0,
    "pct1ResTime" : 9.0,
    "pct2ResTime" : 21.0,
    "pct3ResTime" : 675.9099999999978,
    "throughput" : 2.224808324205915,
    "receivedKBytesPerSec" : 14.919686291330093,
    "sentKBytesPerSec" : 0.29548235555859803
  },
  "GET /users/{id}" : {
    "transaction" : "GET /users/{id}",
    "sampleCount" : 85,
    "errorCount" : 0,
    "errorPct" : 0.0,
    "meanResTime" : 14.352941176470592,
    "medianResTime" : 8.0,
    "minResTime" : 6.0,
    "maxResTime" : 437.0,
    "pct1ResTime" : 12.400000000000006,
    "pct2ResTime" : 14.0,
    "pct3ResTime" : 437.0,
    "throughput" : 1.4889554539562424,
    "receivedKBytesPerSec" : 2.536664159528439,
    "sentKBytesPerSec" : 0.20083107800374866
  },
  "POST /posts" : {
    "transaction" : "POST /posts",
    "sampleCount" : 42,
    "errorCount" : 0,
    "errorPct" : 0.0,
    "meanResTime" : 13.357142857142856,
    "medianResTime" : 13.0,
    "minResTime" : 10.0,
    "maxResTime" : 17.0,
    "pct1ResTime" : 15.0,
    "pct2ResTime" : 16.700000000000003,
    "pct3ResTime" : 17.0,
    "throughput" : 0.7606490872210954,
    "receivedKBytesPerSec" : 1.04143556668357,
    "sentKBytesPerSec" : 0.18199123668864098
  }
}