{
  "GET /posts?userId={id}" : {
    "transaction" : "GET /posts?userId={id}",
    "sampleCount" : 85,
    "errorCount" : 0,
    "errorPct" : 0.0,
    "meanResTime" : 9.811764705882357,
    "medianResTime" : 9.0,
    "minResTime" : 6.0,
    "maxResTime" : 24.0,
    "pct1ResTime" : 13.0,
    "pct2ResTime" : 16.400000000000006,
    "pct3ResTime" : 24.0,
    "throughput" : 1.4961891183045537,
    "receivedKBytesPerSec" : 41.99239377607329,
    "sentKBytesPerSec" : 0.2105047327982257
  },
  "GET /posts" : {
    "transaction" : "GET /posts",
    "sampleCount" : 128,
    "errorCount" : 0,
    "errorPct" : 0.0,
    "meanResTime" : 9.296874999999998,
    "medianResTime" : 9.0,
    "minResTime" : 6.0,
    "maxResTime" : 17.0,
    "pct1ResTime" : 13.0,
    "pct2ResTime" : 14.0,
    "pct3ResTime" : 16.709999999999994,
    "throughput" : 2.237605761834837,
    "receivedKBytesPerSec" : 62.80593973432802,
    "sentKBytesPerSec" : 0.29718201524368926
  },
  "Total" : {
    "transaction" : "Total",
    "sampleCount" : 471,
    "errorCount" : 0,
    "errorPct" : 0.0,
    "meanResTime" : 10.59447983014862,
    "medianResTime" : 9.0,
    "minResTime" : 6.0,
    "maxResTime" : 323.0,
    "pct1ResTime" : 14.0,
    "pct2ResTime" : 16.0,
    "pct3ResTime" : 30.559999999999945,
    "throughput" : 8.008569679657212,
    "receivedKBytesPerSec" : 120.02984616234782,
    "sentKBytesPerSec" : 1.1523078835951848
  },
  "GET /users" : {
    "transaction" : "GET /users",
    "sampleCount" : 131,
    "errorCount" : 0,
    "errorPct" : 0.0,
    "meanResTime" : 11.541984732824426,
    "medianResTime" : 8.0,
    "minResTime" : 6.0,
    "maxResTime" : 323.0,
    "pct1ResTime" : 11.799999999999997,
    "pct2ResTime" : 18.599999999999923,
    "pct3ResTime" : 230.84000000000196,
    "throughput" : 2.2274365775692035,
    "receivedKBytesPerSec" : 14.935152875901178,
    "sentKBytesPerSec" : 0.2958314204584099
  },
  "GET /users/{id}" : {
    "transaction" : "GET /users/{id}",
    "sampleCount" : 86,
    "errorCount" : 0,
    "errorPct" : 0.0,
    "meanResTime" : 10.19767441860465,
    "medianResTime" : 9.0,
    "minResTime" : 6.0,
    "maxResTime" : 34.0,
    "pct1ResTime" : 14.599999999999994,
    "pct2ResTime" : 23.0,
    "pct3ResTime" : 34.0,
    "throughput" : 1.487400335529843,
    "receivedKBytesPerSec" : 2.5306951975129284,
    "sentKBytesPerSec" : 0.2006700057507048
  },
  "POST /posts" : {
    "transaction" : "POST /posts",
    "sampleCount" : 41,
    "errorCount" : 0,
    "errorPct" : 0.0,
    "meanResTime" : 14.073170731707318,
    "medianResTime" : 14.0,
    "minResTime" : 10.0,
    "maxResTime" : 20.0,
    "pct1ResTime" : 17.800000000000004,
    "pct2ResTime" : 19.799999999999997,
    "pct3ResTime" : 20.0,
    "throughput" : 0.7605973471848623,
    "receivedKBytesPerSec" : 1.0412016800389574,
    "sentKBytesPerSec" : 0.18197885748075318
  }
}